3	FAIL	(Session ID in URL Rewrite / Referer Exposes Session ID)
10003	FAIL	(Vulnerable JS Library)
10026	FAIL	(HTTP Parameter Override)
10028	FAIL	(Off-site Redirect)
10032	FAIL	(Viewstate)
10033	FAIL	(Directory Browsing)
10034	FAIL	(Heartbleed OpenSSL Vulnerability (Indicative))
10041	FAIL	(HTTP to HTTPS Insecure Transition in Form Post)
10042	FAIL	(HTTPS to HTTP Insecure Transition in Form Post)
10052	FAIL	(X-ChromeLogger-Data (XCOLD) Header Information Leak)
10055	FAIL	(CSP issues (wildcard, unsafe-inline, unsafe-eval, ...))
10062	FAIL	(PII Disclosure)
10097	FAIL	(Hash Disclosure)
10098	FAIL	(Cross-Domain Misconfiguration)
10099	FAIL	(Source Code Disclosure)
10105	FAIL	(Weak Authentication Method / Credentials Captured)
10108	FAIL	(Reverse Tabnabbing)
10115	FAIL	(Script Served From Malicious Domain (polyfill))
10202	FAIL	(Absence of Anti-CSRF Tokens)
90001	FAIL	(Insecure JSF ViewState)
90002	FAIL	(Java Serialization Object)
90003	FAIL	(Sub Resource Integrity Attribute Missing)
90022	FAIL	(Application Error Disclosure)
10038	WARN	(Content Security Policy (CSP) Header Not Set)
10020	WARN	(Missing Anti-clickjacking Header)
